{
    "camera": {
        "center": {
            "x": -0.8481952548027039,
            "y": 0.03141465038061142
        },
        "zoom": 0.21435889601707458
    },
    "config": {
        "debug_overlay": true,
        "environment_intensity": 1.0,
        "exposure": 0.25,
        "firefly_clamp": 32.0,
        "max_bounces": 64,
        "samples_per_frame": 1
    },
    "environment": {
        "enabled": true,
        "gain": 1.8300000429153442,
        "interpolation": 1,
        "lobes": [
            {
                "color": {
                    "x": 1.0,
                    "y": 0.8500000238418579,
                    "z": 0.6499999761581421
                },
                "falloff": 0.699999988079071,
                "intensity": 14.0,
                "u": 0.23714286088943481,
                "width": 0.07999999821186066
            },
            {
                "color": {
                    "x": 0.550000011920929,
                    "y": 0.75,
                    "z": 1.0
                },
                "falloff": 0.800000011920929,
                "intensity": 10.0,
                "u": 0.5799999833106995,
                "width": 0.07000000029802322
            }
        ],
        "resolution": 1024,
        "stops": [
            {
                "color": {
                    "x": 0.0,
                    "y": 0.0,
                    "z": 0.0
                },
                "u": 0.0
            },
            {
                "color": {
                    "x": 0.014999999664723873,
                    "y": 0.019999999552965164,
                    "z": 0.029999999329447746
                },
                "u": 0.5
            }
        ]
    },
    "primitives": [
        {
            "absorption": {
                "x": 0.0,
                "y": 0.0,
                "z": 0.0
            },
            "albedo": {
                "x": 1.0,
                "y": 1.0,
                "z": 1.0
            },
            "cauchy_b": 0.0,
            "cauchy_c": 0.0,
            "emission": 32.79999923706055,
            "emission_half_angle": 3.1415927410125732,
            "ior_base": 1.5,
            "material": 0,
            "params": {
                "w": 0.0,
                "x": 0.20000000298023224,
                "y": 0.0,
                "z": 0.0
            },
            "position": {
                "x": 2.5571506023406982,
                "y": 3.095029354095459
            },
            "rotation": 0.0,
            "type": 0
        },
        {
            "absorption": {
                "x": 0.0,
                "y": 0.0,
                "z": 0.0
            },
            "albedo": {
                "x": 1.0,
                "y": 1.0,
                "z": 1.0
            },
            "cauchy_b": 0.04399999976158142,
            "cauchy_c": 0.0010000000474974513,
            "emission": 0.0,
            "emission_half_angle": 3.1415927410125732,
            "ior_base": 2.4200000762939453,
            "material": 4,
            "params": {
                "w": 0.0,
                "x": 1.8300000429153442,
                "y": 8.0,
                "z": 0.0
            },
            "position": {
                "x": 0.09502977132797241,
                "y": -0.06047332286834717
            },
            "rotation": 0.0,
            "type": 5
        },
        {
            "absorption": {
                "x": 0.0,
                "y": 0.0,
                "z": 0.0
            },
            "albedo": {
                "x": 0.8999999761581421,
                "y": 0.8999999761581421,
                "z": 0.8999999761581421
            },
            "cauchy_b": 0.0,
            "cauchy_c": 0.0,
            "emission": 0.0,
            "emission_half_angle": 3.1415927410125732,
            "ior_base": 1.5,
            "material": 0,
            "params": {
                "w": 0.0,
                "x": 5.960000038146973,
                "y": 0.05999999865889549,
                "z": 0.0
            },
            "position": {
                "x": 0.1555020809173584,
                "y": -4.047449111938477
            },
            "rotation": 0.0,
            "type": 1
        },
        {
            "absorption": {
                "x": 0.0,
                "y": 0.0,
                "z": 0.0
            },
            "albedo": {
                "x": 0.800000011920929,
                "y": 0.800000011920929,
                "z": 0.800000011920929
            },
            "cauchy_b": 0.0,
            "cauchy_c": 0.0,
            "emission": 28.899999618530273,
            "emission_half_angle": 3.1415927410125732,
            "ior_base": 1.5,
            "material": 0,
            "params": {
                "w": 0.0,
                "x": 0.20000000298023224,
                "y": 0.0,
                "z": 0.0
            },
            "position": {
                "x": -2.2390787601470947,
                "y": 3.089629650115967
            },
            "rotation": 0.0,
            "type": 0
        }
    ],
    "version": 1
}