{
    "camera": {
        "center": {
            "x": -0.8481952548027039,
            "y": 0.03141465038061142
        },
        "zoom": 0.235794797539711
    },
    "config": {
        "debug_overlay": true,
        "environment_intensity": 1.0,
        "exposure": 0.25,
        "firefly_clamp": 32.0,
        "max_bounces": 64,
        "samples_per_frame": 1
    },
    "environment": {
        "enabled": false,
        "gain": 0.3700000047683716,
        "interpolation": 1,
        "lobes": [
            {
                "color": {
                    "x": 0.20000000298023224,
                    "y": 1.0,
                    "z": 0.800000011920929
                },
                "falloff": 0.0,
                "intensity": 11.0,
                "u": 0.4259999990463257,
                "width": 0.07760000228881836
            }
        ],
        "resolution": 1024,
        "stops": [
            {
                "color": {
                    "x": 0.009999999776482582,
                    "y": 0.009999999776482582,
                    "z": 0.009999999776482582
                },
                "u": 0.0
            },
            {
                "color": {
                    "x": 0.0,
                    "y": 0.0,
                    "z": 0.0
                },
                "u": 0.5
            }
        ]
    },
    "primitives": [
        {
            "absorption": {
                "x": 0.0,
                "y": 0.0,
                "z": 0.0
            },
            "albedo": {
                "x": 1.0,
                "y": 1.0,
                "z": 1.0
            },
            "cauchy_b": 0.0,
            "cauchy_c": 0.0,
            "emission": 59.599998474121094,
            "emission_half_angle": 0.05000000074505806,
            "ior_base": 1.5,
            "material": 0,
            "params": {
                "w": 0.0,
                "x": 0.10000000149011612,
                "y": 2.0,
                "z": 0.0
            },
            "position": {
                "x": -5.455512523651123,
                "y": 0.0
            },
            "rotation": 0.0,
            "type": 1
        },
        {
            "absorption": {
                "x": 0.10505978018045425,
                "y": 0.6593406200408936,
                "z": 0.4035186469554901
            },
            "albedo": {
                "x": 1.0,
                "y": 1.0,
                "z": 1.0
            },
            "cauchy_b": 0.004000000189989805,
            "cauchy_c": 0.0,
            "emission": 0.0,
            "emission_half_angle": 3.1415927410125732,
            "ior_base": 1.5199999809265137,
            "material": 2,
            "params": {
                "w": 0.0,
                "x": 2.0,
                "y": 2.0,
                "z": 1.2000000476837158
            },
            "position": {
                "x": -1.2966331243515015,
                "y": -0.0628294125199318
            },
            "rotation": 0.0,
            "type": 4
        },
        {
            "absorption": {
                "x": 0.0,
                "y": 0.0,
                "z": 0.0
            },
            "albedo": {
                "x": 1.0,
                "y": 1.0,
                "z": 1.0
            },
            "cauchy_b": 0.012000000104308128,
            "cauchy_c": 0.0037899999879300594,
            "emission": 0.0,
            "emission_half_angle": 3.1415927410125732,
            "ior_base": 2.1679999828338623,
            "material": 2,
            "params": {
                "w": 0.0,
                "x": 2.0,
                "y": 3.0,
                "z": 1.2000000476837158
            },
            "position": {
                "x": -0.0076101720333099365,
                "y": -0.01570683717727661
            },
            "rotation": 0.0,
            "type": 4
        },
        {
            "absorption": {
                "x": 0.0,
                "y": 0.0,
                "z": 0.0
            },
            "albedo": {
                "x": 0.0,
                "y": 0.27472543716430664,
                "z": 1.0
            },
            "cauchy_b": 0.0,
            "cauchy_c": 0.0,
            "emission": 0.0,
            "emission_half_angle": 3.1415927410125732,
            "ior_base": 1.5,
            "material": 0,
            "params": {
                "w": 0.0,
                "x": 0.10000000149011612,
                "y": 3.0,
                "z": 0.0
            },
            "position": {
                "x": 5.0,
                "y": 0.0
            },
            "rotation": 0.0,
            "type": 1
        }
    ],
    "version": 1
}