{
    "camera": {
        "center": {
            "x": -0.8481952548027039,
            "y": 0.03141465038061142
        },
        "zoom": 0.1331000030040741
    },
    "config": {
        "debug_overlay": true,
        "environment_intensity": 1.0,
        "exposure": 0.25,
        "firefly_clamp": 32.0,
        "max_bounces": 64,
        "samples_per_frame": 1
    },
    "environment": {
        "enabled": true,
        "gain": 0.3700000047683716,
        "interpolation": 1,
        "lobes": [
            {
                "color": {
                    "x": 0.20000000298023224,
                    "y": 1.0,
                    "z": 0.800000011920929
                },
                "falloff": 0.0,
                "intensity": 11.0,
                "u": 0.4259999990463257,
                "width": 0.07760000228881836
            }
        ],
        "resolution": 1024,
        "stops": [
            {
                "color": {
                    "x": 0.009999999776482582,
                    "y": 0.009999999776482582,
                    "z": 0.009999999776482582
                },
                "u": 0.0
            },
            {
                "color": {
                    "x": 0.0,
                    "y": 0.0,
                    "z": 0.0
                },
                "u": 0.5
            }
        ]
    },
    "primitives": [
        {
            "absorption": {
                "x": 0.0,
                "y": 0.0,
                "z": 0.0
            },
            "albedo": {
                "x": 0.16423135995864868,
                "y": 0.5358273386955261,
                "z": 0.7472527027130127
            },
            "cauchy_b": 0.0,
            "cauchy_c": 0.0,
            "emission": 13.300000190734863,
            "emission_half_angle": 3.1419999599456787,
            "ior_base": 1.5,
            "material": 0,
            "params": {
                "w": 0.0,
                "x": 0.10000000149011612,
                "y": 2.0,
                "z": 0.0
            },
            "position": {
                "x": -7.878286838531494,
                "y": -0.09739243984222412
            },
            "rotation": 1.5540000200271606,
            "type": 2
        },
        {
            "absorption": {
                "x": 0.0,
                "y": 0.0,
                "z": 0.0
            },
            "albedo": {
                "x": 1.0,
                "y": 1.0,
                "z": 1.0
            },
            "cauchy_b": 0.004000000189989805,
            "cauchy_c": 0.0,
            "emission": 0.0,
            "emission_half_angle": 3.1415927410125732,
            "ior_base": 1.5,
            "material": 2,
            "params": {
                "w": 2.799999952316284,
                "x": 2.5,
                "y": 2.5,
                "z": 1.9500000476837158
            },
            "position": {
                "x": -2.0139129161834717,
                "y": 0.0
            },
            "rotation": 0.0,
            "type": 4
        },
        {
            "absorption": {
                "x": 0.0,
                "y": 0.0,
                "z": 0.0
            },
            "albedo": {
                "x": 1.0,
                "y": 1.0,
                "z": 1.0
            },
            "cauchy_b": 0.004000000189989805,
            "cauchy_c": 0.0010000000474974513,
            "emission": 0.0,
            "emission_half_angle": 3.1415927410125732,
            "ior_base": 1.121000051498413,
            "material": 2,
            "params": {
                "w": 0.0,
                "x": 1.2000000476837158,
                "y": 1.2000000476837158,
                "z": 0.800000011920929
            },
            "position": {
                "x": 2.582604169845581,
                "y": -0.11130619049072266
            },
            "rotation": -0.032999999821186066,
            "type": 4
        },
        {
            "absorption": {
                "x": 0.0,
                "y": 0.0,
                "z": 0.0
            },
            "albedo": {
                "x": 0.8999999761581421,
                "y": 0.8999999761581421,
                "z": 0.8999999761581421
            },
            "cauchy_b": 0.0,
            "cauchy_c": 0.0,
            "emission": 0.0,
            "emission_half_angle": 3.1415927410125732,
            "ior_base": 1.5,
            "material": 1,
            "params": {
                "w": 0.0,
                "x": 0.10000000149011612,
                "y": 3.0,
                "z": 0.0
            },
            "position": {
                "x": 8.406988143920898,
                "y": -0.3060910701751709
            },
            "rotation": 0.0,
            "type": 1
        }
    ],
    "version": 1
}