{
    "camera": {
        "center": {
            "x": -1.2110337018966675,
            "y": 0.9125955700874329
        },
        "zoom": 0.21435889601707458
    },
    "config": {
        "debug_overlay": true,
        "environment_intensity": 1.0,
        "exposure": 0.25,
        "firefly_clamp": 32.0,
        "max_bounces": 64,
        "samples_per_frame": 1
    },
    "environment": {
        "enabled": false,
        "gain": 2.1500000953674316,
        "interpolation": 1,
        "lobes": [
            {
                "color": {
                    "x": 1.0,
                    "y": 0.9599999785423279,
                    "z": 0.8500000238418579
                },
                "falloff": 0.8999999761581421,
                "intensity": 24.0,
                "u": 0.7942857146263123,
                "width": 0.05000000074505806
            }
        ],
        "resolution": 1024,
        "stops": [
            {
                "color": {
                    "x": 0.009999999776482582,
                    "y": 0.009999999776482582,
                    "z": 0.019999999552965164
                },
                "u": 0.0
            },
            {
                "color": {
                    "x": 0.019999999552965164,
                    "y": 0.019999999552965164,
                    "z": 0.029999999329447746
                },
                "u": 0.5
            }
        ]
    },
    "primitives": [
        {
            "absorption": {
                "x": 0.20000000298023224,
                "y": 0.05000000074505806,
                "z": 0.009999999776482582
            },
            "albedo": {
                "x": 1.0,
                "y": 1.0,
                "z": 1.0
            },
            "cauchy_b": 0.0,
            "cauchy_c": 0.0,
            "emission": 0.0,
            "emission_half_angle": 3.1415927410125732,
            "ior_base": 1.4839999675750732,
            "material": 3,
            "params": {
                "w": 0.0,
                "x": 3.009999990463257,
                "y": 3.009999990463257,
                "z": 0.0
            },
            "position": {
                "x": -0.6840530633926392,
                "y": 0.47200506925582886
            },
            "rotation": 0.0,
            "type": 1
        },
        {
            "absorption": {
                "x": 0.0,
                "y": 0.0,
                "z": 0.0
            },
            "albedo": {
                "x": 0.800000011920929,
                "y": 0.800000011920929,
                "z": 0.800000011920929
            },
            "cauchy_b": 0.0,
            "cauchy_c": 0.0,
            "emission": 100.0,
            "emission_half_angle": 3.1415927410125732,
            "ior_base": 1.5,
            "material": 0,
            "params": {
                "w": 0.0,
                "x": 0.5,
                "y": 0.05000000074505806,
                "z": 0.0
            },
            "position": {
                "x": -0.6322181224822998,
                "y": 0.4806453287601471
            },
            "rotation": 0.0,
            "type": 3
        }
    ],
    "version": 1
}