{
    "camera": {
        "center": {
            "x": -0.8481952548027039,
            "y": 0.03141465038061142
        },
        "zoom": 0.235794797539711
    },
    "config": {
        "debug_overlay": false,
        "environment_intensity": 1.0,
        "exposure": 0.25,
        "firefly_clamp": 32.0,
        "max_bounces": 64,
        "samples_per_frame": 1
    },
    "environment": {
        "enabled": true,
        "gain": 1.8300000429153442,
        "interpolation": 1,
        "lobes": [],
        "resolution": 1024,
        "stops": [
            {
                "color": {
                    "x": 0.009999999776482582,
                    "y": 0.45604395866394043,
                    "z": 0.6593406200408936
                },
                "u": 0.16285714507102966
            },
            {
                "color": {
                    "x": 0.019999999552965164,
                    "y": 0.019999999552965164,
                    "z": 0.029999999329447746
                },
                "u": 0.47999998927116394
            },
            {
                "color": {
                    "x": 1.0,
                    "y": 1.0,
                    "z": 1.0
                },
                "u": 0.7599999904632568
            }
        ]
    },
    "primitives": [
        {
            "absorption": {
                "x": 0.0,
                "y": 0.0,
                "z": 0.0
            },
            "albedo": {
                "x": 1.0,
                "y": 0.949999988079071,
                "z": 0.8999999761581421
            },
            "cauchy_b": 0.0,
            "cauchy_c": 0.0,
            "emission": 15.0,
            "emission_half_angle": 3.1415927410125732,
            "ior_base": 1.5,
            "material": 0,
            "params": {
                "w": 0.0,
                "x": 0.4000000059604645,
                "y": 0.0,
                "z": 0.0
            },
            "position": {
                "x": 3.427267074584961e-07,
                "y": 1.4049382209777832
            },
            "rotation": 0.0,
            "type": 0
        },
        {
            "absorption": {
                "x": 0.0,
                "y": 0.0,
                "z": 0.0
            },
            "albedo": {
                "x": 0.800000011920929,
                "y": 0.800000011920929,
                "z": 0.800000011920929
            },
            "cauchy_b": 0.0,
            "cauchy_c": 0.0,
            "emission": 0.0,
            "emission_half_angle": 3.1415927410125732,
            "ior_base": 1.5,
            "material": 0,
            "params": {
                "w": 0.0,
                "x": 3.299999952316284,
                "y": 0.30000001192092896,
                "z": 0.0
            },
            "position": {
                "x": 0.0,
                "y": -3.0
            },
            "rotation": 0.0,
            "type": 1
        },
        {
            "absorption": {
                "x": 0.0,
                "y": 0.0,
                "z": 0.0
            },
            "albedo": {
                "x": 0.800000011920929,
                "y": 0.20000000298023224,
                "z": 0.20000000298023224
            },
            "cauchy_b": 0.0,
            "cauchy_c": 0.0,
            "emission": 0.0,
            "emission_half_angle": 3.1415927410125732,
            "ior_base": 1.5,
            "material": 0,
            "params": {
                "w": 0.0,
                "x": 0.30000001192092896,
                "y": 3.299999952316284,
                "z": 0.0
            },
            "position": {
                "x": -3.0,
                "y": 0.0
            },
            "rotation": 0.0,
            "type": 1
        },
        {
            "absorption": {
                "x": 0.0,
                "y": 0.0,
                "z": 0.0
            },
            "albedo": {
                "x": 0.20000000298023224,
                "y": 0.800000011920929,
                "z": 0.20000000298023224
            },
            "cauchy_b": 0.0,
            "cauchy_c": 0.0,
            "emission": 0.0,
            "emission_half_angle": 3.1415927410125732,
            "ior_base": 1.5,
            "material": 0,
            "params": {
                "w": 0.0,
                "x": 0.30000001192092896,
                "y": 3.299999952316284,
                "z": 0.0
            },
            "position": {
                "x": 3.0,
                "y": 0.0
            },
            "rotation": 0.0,
            "type": 1
        },
        {
            "absorption": {
                "x": 0.0,
                "y": 0.0,
                "z": 0.0
            },
            "albedo": {
                "x": 0.800000011920929,
                "y": 0.800000011920929,
                "z": 0.800000011920929
            },
            "cauchy_b": 0.0,
            "cauchy_c": 0.0,
            "emission": 0.0,
            "emission_half_angle": 3.1415927410125732,
            "ior_base": 1.5,
            "material": 0,
            "params": {
                "w": 0.0,
                "x": 3.299999952316284,
                "y": 0.30000001192092896,
                "z": 0.0
            },
            "position": {
                "x": 0.0,
                "y": 3.0
            },
            "rotation": 0.0,
            "type": 1
        },
        {
            "absorption": {
                "x": 0.0,
                "y": 0.0,
                "z": 0.0
            },
            "albedo": {
                "x": 1.0,
                "y": 1.0,
                "z": 1.0
            },
            "cauchy_b": 0.004000000189989805,
            "cauchy_c": 0.0,
            "emission": 0.0,
            "emission_half_angle": 3.1415927410125732,
            "ior_base": 1.5,
            "material": 2,
            "params": {
                "w": 0.0,
                "x": 0.699999988079071,
                "y": 0.0,
                "z": 0.0
            },
            "position": {
                "x": -0.030863717198371887,
                "y": -0.6172838807106018
            },
            "rotation": 0.0,
            "type": 0
        }
    ],
    "version": 1
}