{
    "camera": {
        "center": {
            "x": -1.1585341691970825,
            "y": 1.3211815357208252
        },
        "zoom": 0.2593742907047272
    },
    "config": {
        "debug_overlay": true,
        "environment_intensity": 1.0,
        "exposure": 0.25,
        "firefly_clamp": 32.0,
        "max_bounces": 64,
        "samples_per_frame": 1
    },
    "environment": {
        "enabled": false,
        "gain": 0.3700000047683716,
        "interpolation": 1,
        "lobes": [
            {
                "color": {
                    "x": 0.20000000298023224,
                    "y": 1.0,
                    "z": 0.800000011920929
                },
                "falloff": 0.0,
                "intensity": 11.0,
                "u": 0.4259999990463257,
                "width": 0.07760000228881836
            }
        ],
        "resolution": 1024,
        "stops": [
            {
                "color": {
                    "x": 0.009999999776482582,
                    "y": 0.009999999776482582,
                    "z": 0.009999999776482582
                },
                "u": 0.0
            },
            {
                "color": {
                    "x": 0.0,
                    "y": 0.0,
                    "z": 0.0
                },
                "u": 0.5
            }
        ]
    },
    "primitives": [
        {
            "absorption": {
                "x": 0.0,
                "y": 0.0,
                "z": 0.0
            },
            "albedo": {
                "x": 1.0,
                "y": 0.0,
                "z": 0.0
            },
            "cauchy_b": 0.004000000189989805,
            "cauchy_c": 0.0,
            "emission": 100.0,
            "emission_half_angle": 0.7009999752044678,
            "ior_base": 1.5,
            "material": 0,
            "params": {
                "w": 0.0,
                "x": 0.15000000596046448,
                "y": 3.0,
                "z": 0.0
            },
            "position": {
                "x": -0.016767144203186035,
                "y": -0.6123150587081909
            },
            "rotation": 0.0,
            "type": 5
        },
        {
            "absorption": {
                "x": 0.0,
                "y": 0.0,
                "z": 0.0
            },
            "albedo": {
                "x": 0.949999988079071,
                "y": 0.949999988079071,
                "z": 0.949999988079071
            },
            "cauchy_b": 0.0,
            "cauchy_c": 0.0,
            "emission": 0.0,
            "emission_half_angle": 3.1415927410125732,
            "ior_base": 1.5,
            "material": 1,
            "params": {
                "w": 0.0,
                "x": 0.10000000149011612,
                "y": 1.2000000476837158,
                "z": 0.0
            },
            "position": {
                "x": 3.0,
                "y": -1.0
            },
            "rotation": 0.7853981852531433,
            "type": 1
        },
        {
            "absorption": {
                "x": 0.0,
                "y": 0.0,
                "z": 0.0
            },
            "albedo": {
                "x": 0.949999988079071,
                "y": 0.949999988079071,
                "z": 0.949999988079071
            },
            "cauchy_b": 0.0,
            "cauchy_c": 0.0,
            "emission": 0.0,
            "emission_half_angle": 3.1415927410125732,
            "ior_base": 1.5,
            "material": 1,
            "params": {
                "w": 0.0,
                "x": 0.10000000149011612,
                "y": 1.2000000476837158,
                "z": 0.0
            },
            "position": {
                "x": 2.9520912170410156,
                "y": 3.0528981685638428
            },
            "rotation": -0.4880000054836273,
            "type": 1
        },
        {
            "absorption": {
                "x": 0.0,
                "y": 0.0,
                "z": 0.0
            },
            "albedo": {
                "x": 0.0,
                "y": 0.0,
                "z": 0.0
            },
            "cauchy_b": 0.0,
            "cauchy_c": 0.0,
            "emission": 0.0,
            "emission_half_angle": 3.1415927410125732,
            "ior_base": 1.5,
            "material": 0,
            "params": {
                "w": 0.0,
                "x": 0.10000000149011612,
                "y": 2.0,
                "z": 0.0
            },
            "position": {
                "x": -4.012648105621338,
                "y": 2.5
            },
            "rotation": 0.0,
            "type": 1
        }
    ],
    "version": 1
}