{
    "camera": {
        "center": {
            "x": -1.1986664533615112,
            "y": 0.2771160900592804
        },
        "zoom": 0.235794797539711
    },
    "config": {
        "debug_overlay": true,
        "environment_intensity": 1.0,
        "exposure": 0.25,
        "firefly_clamp": 32.0,
        "max_bounces": 64,
        "samples_per_frame": 1
    },
    "environment": {
        "enabled": false,
        "gain": 0.3700000047683716,
        "interpolation": 1,
        "lobes": [
            {
                "color": {
                    "x": 0.20000000298023224,
                    "y": 1.0,
                    "z": 0.800000011920929
                },
                "falloff": 0.0,
                "intensity": 11.0,
                "u": 0.4259999990463257,
                "width": 0.07760000228881836
            }
        ],
        "resolution": 1024,
        "stops": [
            {
                "color": {
                    "x": 0.009999999776482582,
                    "y": 0.009999999776482582,
                    "z": 0.009999999776482582
                },
                "u": 0.0
            },
            {
                "color": {
                    "x": 0.0,
                    "y": 0.0,
                    "z": 0.0
                },
                "u": 0.5
            }
        ]
    },
    "primitives": [
        {
            "absorption": {
                "x": 0.0,
                "y": 0.0,
                "z": 0.0
            },
            "albedo": {
                "x": 1.0,
                "y": 1.0,
                "z": 1.0
            },
            "cauchy_b": 0.0,
            "cauchy_c": 0.0,
            "emission": 24.0,
            "emission_half_angle": 1.4137166738510132,
            "ior_base": 1.5,
            "material": 0,
            "params": {
                "w": 0.0,
                "x": 0.10000000149011612,
                "y": 1.7999999523162842,
                "z": 0.0
            },
            "position": {
                "x": -5.5,
                "y": 0.0
            },
            "rotation": 0.0,
            "type": 1
        },
        {
            "absorption": {
                "x": 0.10000000149011612,
                "y": 0.029999999329447746,
                "z": 0.009999999776482582
            },
            "albedo": {
                "x": 1.0,
                "y": 1.0,
                "z": 1.0
            },
            "cauchy_b": 0.003000000026077032,
            "cauchy_c": 0.0,
            "emission": 0.0,
            "emission_half_angle": 3.1415927410125732,
            "ior_base": 1.3329999446868896,
            "material": 3,
            "params": {
                "w": 0.0,
                "x": 1.850000023841858,
                "y": 0.0,
                "z": 0.0
            },
            "position": {
                "x": -0.15204882621765137,
                "y": 0.20906579494476318
            },
            "rotation": 0.0,
            "type": 0
        },
        {
            "absorption": {
                "x": 0.0,
                "y": 0.0,
                "z": 0.0
            },
            "albedo": {
                "x": 1.0,
                "y": 1.0,
                "z": 1.0
            },
            "cauchy_b": 0.006000000052154064,
            "cauchy_c": 0.006370000075548887,
            "emission": 0.0,
            "emission_half_angle": 3.1415927410125732,
            "ior_base": 1.5199999809265137,
            "material": 2,
            "params": {
                "w": 0.0,
                "x": 0.949999988079071,
                "y": 0.0,
                "z": 0.0
            },
            "position": {
                "x": -0.14254415035247803,
                "y": 0.19005835056304932
            },
            "rotation": 0.0,
            "type": 0
        },
        {
            "absorption": {
                "x": 0.0,
                "y": 0.0,
                "z": 0.0
            },
            "albedo": {
                "x": 0.8999999761581421,
                "y": 0.8999999761581421,
                "z": 0.8999999761581421
            },
            "cauchy_b": 0.0,
            "cauchy_c": 0.0,
            "emission": 0.0,
            "emission_half_angle": 3.1415927410125732,
            "ior_base": 1.5,
            "material": 0,
            "params": {
                "w": 0.0,
                "x": 0.11999999731779099,
                "y": 3.0,
                "z": 0.0
            },
            "position": {
                "x": 5.5,
                "y": 0.0
            },
            "rotation": 0.0,
            "type": 1
        }
    ],
    "version": 1
}